TotalPurchases,TotalSpending,AvgPurchaseValue
25,1617,64.68
6,27,4.5
21,776,36.95238095238095
8,53,6.625
19,422,22.210526315789473
22,716,32.54545454545455
21,590,28.095238095238095
10,169,16.9
6,46,7.666666666666667
2,49,24.5
6,61,10.166666666666666
16,1102,68.875
15,310,20.666666666666668
5,46,9.2
26,1315,50.57692307692308
9,96,10.666666666666666
13,317,24.384615384615383
26,1782,68.53846153846153
8,133,16.625
12,316,26.333333333333332
43,1730,40.23255813953488
17,972,57.1764705882353
20,544,27.2
20,444,22.2
8,75,9.375
14,257,18.357142857142858
9,131,14.555555555555555
26,1672,64.3076923076923
8,30,3.75
11,318,28.90909090909091
9,120,13.333333333333334
17,302,17.764705882352942
18,1196,66.44444444444444
6,65,10.833333333333334
28,913,32.607142857142854
9,81,9.0
7,67,9.571428571428571
24,902,37.583333333333336
21,1395,66.42857142857143
7,53,7.571428571428571
4,22,5.5
8,31,3.875
16,984,61.5
10,122,12.2
5,55,11.0
28,1319,47.107142857142854
17,507,29.823529411764707
29,1693,58.37931034482759
7,72,10.285714285714286
21,1617,77.0
23,606,26.347826086956523
27,1957,72.48148148148148
21,1093,52.04761904761905
6,29,4.833333333333333
19,518,27.263157894736842
21,1438,68.47619047619048
22,612,27.818181818181817
24,884,36.833333333333336
19,606,31.894736842105264
16,1076,67.25
5,34,6.8
4,11,2.75
32,1274,39.8125
18,653,36.27777777777778
19,1562,82.21052631578948
21,1253,59.666666666666664
30,863,28.766666666666666
24,661,27.541666666666668
8,65,8.125
4,13,3.25
19,1890,99.47368421052632
22,2209,100.4090909090909
4,18,4.5
21,692,32.95238095238095
12,165,13.75
4,16,4.0
9,79,8.777777777777779
11,318,28.90909090909091
27,778,28.814814814814813
7,56,8.0
13,151,11.615384615384615
17,372,21.88235294117647
19,1366,71.89473684210526
10,194,19.4
5,32,6.4
10,43,4.3
6,45,7.5
22,606,27.545454545454547
7,63,9.0
25,978,39.12
16,410,25.625
7,72,10.285714285714286
7,55,7.857142857142857
27,1169,43.2962962962963
16,1120,70.0
20,1097,54.85
5,29,5.8
13,187,14.384615384615385
26,910,35.0
9,145,16.11111111111111
14,850,60.714285714285715
24,969,40.375
17,1820,107.05882352941177
20,608,30.4
25,730,29.2
21,551,26.238095238095237
8,114,14.25
15,1724,114.93333333333334
20,577,28.85
7,81,11.571428571428571
7,33,4.714285714285714
22,660,30.0
9,80,8.88888888888889
6,30,5.0
5,43,8.6
27,1135,42.03703703703704
16,559,34.9375
16,1923,120.1875
8,90,11.25
23,661,28.73913043478261
19,463,24.36842105263158
23,632,27.47826086956522
19,725,38.1578947368421
16,279,17.4375
23,1482,64.43478260869566
6,29,4.833333333333333
9,106,11.777777777777779
6,49,8.166666666666666
7,38,5.428571428571429
22,2077,94.4090909090909
17,1053,61.94117647058823
23,1385,60.21739130434783
25,871,34.84
12,312,26.0
15,877,58.46666666666667
6,68,11.333333333333334
4,22,5.5
16,211,13.1875
8,127,15.875
16,459,28.6875
19,460,24.210526315789473
17,429,25.235294117647058
11,89,8.090909090909092
26,1021,39.26923076923077
21,1381,65.76190476190476
15,306,20.4
4,18,4.5
9,162,18.0
18,1231,68.38888888888889
4,13,3.25
27,1706,63.18518518518518
11,121,11.0
20,1293,64.65
9,88,9.777777777777779
18,421,23.38888888888889
12,259,21.583333333333332
15,1117,74.46666666666667
9,89,9.88888888888889
6,36,6.0
7,57,8.142857142857142
8,148,18.5
8,93,11.625
7,119,17.0
28,1835,65.53571428571429
25,1318,52.72
7,45,6.428571428571429
4,10,2.5
25,978,39.12
10,191,19.1
9,57,6.333333333333333
24,1033,43.041666666666664
6,66,11.0
6,43,7.166666666666667
5,50,10.0
7,39,5.571428571428571
18,608,33.77777777777778
24,1581,65.875
7,68,9.714285714285714
5,80,16.0
28,1282,45.785714285714285
8,91,11.375
16,315,19.6875
6,31,5.166666666666667
23,834,36.26086956521739
17,1600,94.11764705882354
17,1270,74.70588235294117
15,263,17.533333333333335
19,535,28.157894736842106
18,1295,71.94444444444444
29,1150,39.6551724137931
26,1240,47.69230769230769
6,38,6.333333333333333
4,35,8.75
5,53,10.6
17,293,17.235294117647058
6,65,10.833333333333334
29,1804,62.206896551724135
15,241,16.066666666666666
20,1101,55.05
19,264,13.894736842105264
26,541,20.807692307692307
17,1198,70.47058823529412
20,482,24.1
4,17,4.25
25,1615,64.6
12,285,23.75
28,1135,40.535714285714285
7,114,16.285714285714285
16,1047,65.4375
22,714,32.45454545454545
13,185,14.23076923076923
32,1245,38.90625
12,189,15.75
16,576,36.0
18,1103,61.27777777777778
17,1753,103.11764705882354
4,17,4.25
23,433,18.82608695652174
14,1588,113.42857142857143
4,22,5.5
5,19,3.8
29,1117,38.51724137931034
8,69,8.625
5,23,4.6
19,605,31.842105263157894
11,57,5.181818181818182
22,2088,94.9090909090909
16,1009,63.0625
5,26,5.2
22,1627,73.95454545454545
31,1102,35.54838709677419
6,17,2.8333333333333335
16,1690,105.625
21,1390,66.19047619047619
20,2126,106.3
25,1531,61.24
7,64,9.142857142857142
6,26,4.333333333333333
29,1112,38.3448275862069
11,210,19.09090909090909
26,1148,44.15384615384615
6,33,5.5
19,1101,57.94736842105263
16,322,20.125
10,44,4.4
4,17,4.25
6,31,5.166666666666667
25,845,33.8
15,275,18.333333333333332
4,25,6.25
17,275,16.176470588235293
11,90,8.181818181818182
19,1495,78.6842105263158
11,184,16.727272727272727
13,981,75.46153846153847
8,67,8.375
14,1635,116.78571428571429
10,60,6.0
12,231,19.25
10,48,4.8
9,99,11.0
23,770,33.47826086956522
23,957,41.608695652173914
12,818,68.16666666666667
17,925,54.411764705882355
22,908,41.27272727272727
10,102,10.2
16,576,36.0
13,317,24.384615384615383
15,461,30.733333333333334
7,37,5.285714285714286
7,70,10.0
23,930,40.43478260869565
33,859,26.03030303030303
22,1478,67.18181818181819
16,390,24.375
5,52,10.4
10,137,13.7
19,1919,101.0
9,68,7.555555555555555
4,25,6.25
23,1374,59.73913043478261
5,32,6.4
7,100,14.285714285714286
12,825,68.75
28,916,32.714285714285715
11,62,5.636363636363637
21,728,34.666666666666664
7,90,12.857142857142858
13,273,21.0
10,66,6.6
23,1213,52.73913043478261
7,107,15.285714285714286
18,1157,64.27777777777777
18,546,30.333333333333332
11,241,21.90909090909091
11,53,4.818181818181818
7,37,5.285714285714286
23,1508,65.56521739130434
16,235,14.6875
7,32,4.571428571428571
8,102,12.75
15,401,26.733333333333334
6,28,4.666666666666667
21,680,32.38095238095238
4,30,7.5
4,20,5.0
23,1307,56.82608695652174
24,630,26.25
18,1283,71.27777777777777
9,65,7.222222222222222
5,37,7.4
5,38,7.6
12,160,13.333333333333334
4,23,5.75
6,71,11.833333333333334
19,1161,61.10526315789474
5,59,11.8
7,33,4.714285714285714
22,946,43.0
22,1442,65.54545454545455
5,62,12.4
22,1674,76.0909090909091
21,1538,73.23809523809524
8,139,17.375
20,1182,59.1
18,507,28.166666666666668
4,18,4.5
16,940,58.75
6,42,7.0
15,1190,79.33333333333333
8,44,5.5
4,16,4.0
26,835,32.11538461538461
22,1443,65.5909090909091
18,1029,57.166666666666664
18,1188,66.0
24,1277,53.208333333333336
7,49,7.0
7,99,14.142857142857142
15,1670,111.33333333333333
14,900,64.28571428571429
16,425,26.5625
22,2153,97.86363636363636
21,636,30.285714285714285
10,57,5.7
4,25,6.25
22,494,22.454545454545453
19,693,36.473684210526315
26,1348,51.84615384615385
7,51,7.285714285714286
16,1932,120.75
16,990,61.875
5,30,6.0
16,254,15.875
5,29,5.8
23,1371,59.608695652173914
9,73,8.11111111111111
11,120,10.909090909090908
5,81,16.2
5,37,7.4
20,1377,68.85
5,51,10.2
4,17,4.25
4,22,5.5
14,324,23.142857142857142
16,211,13.1875
4,19,4.75
8,41,5.125
17,492,28.941176470588236
26,1005,38.65384615384615
7,114,16.285714285714285
19,1173,61.73684210526316
19,1738,91.47368421052632
12,222,18.5
16,1127,70.4375
10,209,20.9
23,787,34.21739130434783
24,1598,66.58333333333333
12,186,15.5
6,47,7.833333333333333
5,27,5.4
11,96,8.727272727272727
10,64,6.4
23,1040,45.21739130434783
13,163,12.538461538461538
11,343,31.181818181818183
24,446,18.583333333333332
5,41,8.2
9,70,7.777777777777778
14,272,19.428571428571427
6,46,7.666666666666667
19,490,25.789473684210527
8,79,9.875
17,915,53.8235294117647
35,1485,42.42857142857143
16,369,23.0625
19,1073,56.473684210526315
19,1242,65.36842105263158
9,78,8.666666666666666
21,1378,65.61904761904762
26,1474,56.69230769230769
29,751,25.896551724137932
7,48,6.857142857142857
6,45,7.5
4,10,2.5
16,1435,89.6875
22,2119,96.31818181818181
4,20,5.0
27,1795,66.48148148148148
19,1188,62.526315789473685
7,43,6.142857142857143
24,1008,42.0
16,1688,105.5
21,684,32.57142857142857
39,1082,27.743589743589745
25,1068,42.72
7,57,8.142857142857142
5,46,9.2
23,733,31.869565217391305
17,467,27.470588235294116
10,122,12.2
7,36,5.142857142857143
5,34,6.8
10,156,15.6
4,14,3.5
5,37,7.4
5,34,6.8
4,20,5.0
11,192,17.454545454545453
17,1379,81.11764705882354
7,48,6.857142857142857
16,428,26.75
27,868,32.148148148148145
27,1001,37.074074074074076
7,59,8.428571428571429
16,431,26.9375
27,971,35.96296296296296
19,348,18.31578947368421
24,2059,85.79166666666667
14,265,18.928571428571427
13,270,20.76923076923077
19,1289,67.84210526315789
16,893,55.8125
22,926,42.09090909090909
9,135,15.0
19,1495,78.6842105263158
9,120,13.333333333333334
20,1288,64.4
17,1743,102.52941176470588
4,15,3.75
20,542,27.1
25,890,35.6
33,1388,42.06060606060606
4,17,4.25
30,906,30.2
6,44,7.333333333333333
5,25,5.0
26,973,37.42307692307692
6,31,5.166666666666667
17,518,30.470588235294116
19,530,27.894736842105264
21,506,24.095238095238095
6,70,11.666666666666666
6,54,9.0
12,296,24.666666666666668
15,266,17.733333333333334
19,747,39.31578947368421
29,895,30.862068965517242
17,1053,61.94117647058823
21,735,35.0
5,20,4.0
10,205,20.5
21,2092,99.61904761904762
14,309,22.071428571428573
22,1722,78.27272727272727
15,900,60.0
20,682,34.1
22,663,30.136363636363637
6,43,7.166666666666667
18,1816,100.88888888888889
27,976,36.148148148148145
21,746,35.523809523809526
6,64,10.666666666666666
5,32,6.4
9,263,29.22222222222222
21,1445,68.80952380952381
5,46,9.2
28,1210,43.214285714285715
24,945,39.375
22,1157,52.59090909090909
8,137,17.125
25,730,29.2
12,216,18.0
23,943,41.0
16,347,21.6875
19,1924,101.26315789473684
17,397,23.352941176470587
22,2089,94.95454545454545
11,138,12.545454545454545
5,42,8.4
17,777,45.705882352941174
20,1902,95.1
7,52,7.428571428571429
13,1651,127.0
13,358,27.53846153846154
16,1727,107.9375
10,210,21.0
5,42,8.4
20,1291,64.55
15,442,29.466666666666665
17,1895,111.47058823529412
19,411,21.63157894736842
19,521,27.42105263157895
17,1168,68.70588235294117
23,493,21.434782608695652
12,260,21.666666666666668
7,46,6.571428571428571
16,319,19.9375
7,96,13.714285714285714
16,1062,66.375
12,232,19.333333333333332
9,76,8.444444444444445
9,54,6.0
11,201,18.272727272727273
14,406,29.0
20,1919,95.95
20,662,33.1
8,41,5.125
14,1600,114.28571428571429
8,134,16.75
10,69,6.9
6,21,3.5
7,54,7.714285714285714
8,91,11.375
18,526,29.22222222222222
8,162,20.25
25,1008,40.32
16,240,15.0
21,795,37.857142857142854
19,1772,93.26315789473684
8,64,8.0
20,1957,97.85
7,78,11.142857142857142
19,1572,82.73684210526316
26,795,30.576923076923077
26,889,34.19230769230769
15,331,22.066666666666666
12,265,22.083333333333332
19,1065,56.05263157894737
4,11,2.75
4,21,5.25
4,17,4.25
16,369,23.0625
6,38,6.333333333333333
11,177,16.09090909090909
12,279,23.25
7,62,8.857142857142858
21,1230,58.57142857142857
11,182,16.545454545454547
10,49,4.9
8,75,9.375
16,227,14.1875
15,215,14.333333333333334
20,444,22.2
5,47,9.4
7,143,20.428571428571427
7,55,7.857142857142857
11,63,5.7272727272727275
22,1867,84.86363636363636
20,611,30.55
18,473,26.27777777777778
6,55,9.166666666666666
7,81,11.571428571428571
21,2086,99.33333333333333
20,1478,73.9
5,49,9.8
15,382,25.466666666666665
9,69,7.666666666666667
6,67,11.166666666666666
6,30,5.0
9,63,7.0
10,79,7.9
5,42,8.4
23,819,35.608695652173914
17,1151,67.70588235294117
20,594,29.7
11,129,11.727272727272727
12,213,17.75
7,67,9.571428571428571
5,28,5.6
6,45,7.5
18,1193,66.27777777777777
12,268,22.333333333333332
12,266,22.166666666666668
5,37,7.4
7,37,5.285714285714286
25,882,35.28
18,373,20.72222222222222
6,35,5.833333333333333
5,42,8.4
17,326,19.176470588235293
17,404,23.764705882352942
6,95,15.833333333333334
14,939,67.07142857142857
5,33,6.6
21,981,46.714285714285715
7,36,5.142857142857143
20,1237,61.85
34,1825,53.6764705882353
9,103,11.444444444444445
12,191,15.916666666666666
25,1586,63.44
14,963,68.78571428571429
26,889,34.19230769230769
7,93,13.285714285714286
21,1587,75.57142857142857
4,16,4.0
32,1375,42.96875
14,393,28.071428571428573
26,1477,56.80769230769231
18,1179,65.5
26,1005,38.65384615384615
21,1348,64.19047619047619
23,1307,56.82608695652174
15,486,32.4
13,2252,173.23076923076923
17,235,13.823529411764707
30,1724,57.46666666666667
11,235,21.363636363636363
28,1092,39.0
17,599,35.23529411764706
19,2008,105.6842105263158
6,48,8.0
32,1174,36.6875
7,67,9.571428571428571
15,365,24.333333333333332
10,165,16.5
11,210,19.09090909090909
26,1095,42.11538461538461
12,223,18.583333333333332
22,597,27.136363636363637
4,22,5.5
24,1064,44.333333333333336
6,74,12.333333333333334
5,26,5.2
5,60,12.0
4,20,5.0
7,59,8.428571428571429
5,34,6.8
12,198,16.5
28,1048,37.42857142857143
21,574,27.333333333333332
17,1029,60.529411764705884
20,670,33.5
16,990,61.875
4,11,2.75
21,1241,59.095238095238095
17,576,33.88235294117647
12,172,14.333333333333334
20,664,33.2
23,928,40.34782608695652
30,2074,69.13333333333334
15,467,31.133333333333333
12,257,21.416666666666668
17,1146,67.41176470588235
20,689,34.45
22,2114,96.0909090909091
21,1346,64.0952380952381
15,1044,69.6
22,493,22.40909090909091
13,957,73.61538461538461
12,270,22.5
5,29,5.8
9,121,13.444444444444445
8,126,15.75
4,23,5.75
8,57,7.125
20,636,31.8
28,1004,35.857142857142854
20,734,36.7
20,614,30.7
21,1453,69.19047619047619
15,1621,108.06666666666666
12,187,15.583333333333334
22,1443,65.5909090909091
6,57,9.5
20,637,31.85
14,948,67.71428571428571
5,59,11.8
4,18,4.5
26,903,34.73076923076923
8,112,14.0
20,596,29.8
13,233,17.923076923076923
11,1511,137.36363636363637
17,1152,67.76470588235294
7,48,6.857142857142857
31,1185,38.225806451612904
4,21,5.25
16,965,60.3125
21,869,41.38095238095238
6,16,2.6666666666666665
16,1947,121.6875
12,71,5.916666666666667
6,65,10.833333333333334
24,1380,57.5
23,1027,44.65217391304348
21,411,19.571428571428573
26,836,32.15384615384615
4,11,2.75
23,480,20.869565217391305
23,606,26.347826086956523
16,284,17.75
14,1472,105.14285714285714
26,1677,64.5
19,1335,70.26315789473684
13,334,25.692307692307693
4,18,4.5
20,1338,66.9
30,1099,36.63333333333333
8,97,12.125
9,63,7.0
9,109,12.11111111111111
21,902,42.95238095238095
20,1574,78.7
9,38,4.222222222222222
24,960,40.0
4,28,7.0
28,1215,43.392857142857146
22,1497,68.04545454545455
17,449,26.41176470588235
24,1064,44.333333333333336
25,1757,70.28
21,1440,68.57142857142857
24,1006,41.916666666666664
23,1226,53.30434782608695
20,1171,58.55
8,92,11.5
8,99,12.375
8,66,8.25
19,564,29.68421052631579
21,1427,67.95238095238095
6,86,14.333333333333334
19,833,43.8421052631579
12,242,20.166666666666668
17,1869,109.94117647058823
29,1364,47.03448275862069
8,183,22.875
18,450,25.0
21,758,36.095238095238095
20,1507,75.35
25,654,26.16
9,81,9.0
1,137,137.0
4,16,4.0
8,93,11.625
18,1158,64.33333333333333
6,43,7.166666666666667
22,1525,69.31818181818181
19,1230,64.73684210526316
6,29,4.833333333333333
5,25,5.0
4,24,6.0
5,38,7.6
7,57,8.142857142857142
12,47,3.9166666666666665
24,813,33.875
22,629,28.59090909090909
17,377,22.176470588235293
14,1612,115.14285714285714
17,729,42.88235294117647
6,50,8.333333333333334
15,270,18.0
9,177,19.666666666666668
13,315,24.23076923076923
23,767,33.34782608695652
26,1071,41.19230769230769
24,1580,65.83333333333333
10,60,6.0
21,573,27.285714285714285
5,41,8.2
10,170,17.0
28,1167,41.67857142857143
25,1526,61.04
21,458,21.80952380952381
6,63,10.5
17,405,23.823529411764707
20,1027,51.35
22,1478,67.18181818181819
5,72,14.4
7,48,6.857142857142857
16,726,45.375
27,860,31.85185185185185
22,1497,68.04545454545455
18,495,27.5
4,20,5.0
19,570,30.0
21,769,36.61904761904762
7,55,7.857142857142857
18,1808,100.44444444444444
7,55,7.857142857142857
18,577,32.05555555555556
8,162,20.25
20,1957,97.85
24,1576,65.66666666666667
17,1616,95.05882352941177
6,36,6.0
22,1482,67.36363636363636
5,22,4.4
6,63,10.5
18,680,37.77777777777778
20,542,27.1
7,50,7.142857142857143
6,39,6.5
28,1043,37.25
14,385,27.5
27,1633,60.48148148148148
5,46,9.2
20,761,38.05
9,76,8.444444444444445
14,290,20.714285714285715
11,89,8.090909090909092
11,70,6.363636363636363
17,1066,62.705882352941174
19,2009,105.73684210526316
19,1345,70.78947368421052
23,764,33.21739130434783
11,195,17.727272727272727
11,53,4.818181818181818
13,368,28.307692307692307
20,544,27.2
25,1853,74.12
6,35,5.833333333333333
18,446,24.77777777777778
31,1180,38.064516129032256
5,41,8.2
22,727,33.04545454545455
6,40,6.666666666666667
26,1062,40.84615384615385
7,40,5.714285714285714
17,292,17.176470588235293
4,15,3.75
17,341,20.058823529411764
13,369,28.384615384615383
17,401,23.58823529411765
17,393,23.11764705882353
4,10,2.5
16,486,30.375
7,69,9.857142857142858
17,1727,101.58823529411765
16,995,62.1875
10,45,4.5
12,182,15.166666666666666
23,989,43.0
18,1677,93.16666666666667
23,595,25.869565217391305
9,156,17.333333333333332
28,1226,43.785714285714285
11,128,11.636363636363637
9,86,9.555555555555555
7,68,9.714285714285714
4,16,4.0
7,55,7.857142857142857
22,2114,96.0909090909091
19,2018,106.21052631578948
15,263,17.533333333333335
7,55,7.857142857142857
24,564,23.5
20,1281,64.05
7,83,11.857142857142858
18,353,19.61111111111111
25,1003,40.12
4,14,3.5
24,902,37.583333333333336
25,1139,45.56
20,797,39.85
25,1638,65.52
17,401,23.58823529411765
11,84,7.636363636363637
18,928,51.55555555555556
11,203,18.454545454545453
16,858,53.625
13,409,31.46153846153846
16,282,17.625
18,1423,79.05555555555556
18,1449,80.5
4,28,7.0
6,67,11.166666666666666
10,199,19.9
22,1453,66.04545454545455
19,1253,65.94736842105263
31,1198,38.645161290322584
10,178,17.8
18,1990,110.55555555555556
14,976,69.71428571428571
15,1001,66.73333333333333
20,1919,95.95
14,350,25.0
25,1650,66.0
5,46,9.2
19,1228,64.63157894736842
7,95,13.571428571428571
9,62,6.888888888888889
26,1761,67.73076923076923
16,467,29.1875
19,1149,60.473684210526315
19,2052,108.0
16,1127,70.4375
21,1416,67.42857142857143
20,1113,55.65
7,125,17.857142857142858
25,966,38.64
5,32,6.4
19,833,43.8421052631579
8,46,5.75
17,960,56.470588235294116
30,1829,60.96666666666667
26,779,29.96153846153846
23,811,35.26086956521739
22,1120,50.90909090909091
20,725,36.25
12,1187,98.91666666666667
18,2302,127.88888888888889
9,66,7.333333333333333
19,1250,65.78947368421052
20,683,34.15
13,305,23.46153846153846
6,50,8.333333333333334
16,995,62.1875
6,41,6.833333333333333
9,77,8.555555555555555
12,171,14.25
7,131,18.714285714285715
5,54,10.8
12,53,4.416666666666667
16,475,29.6875
22,694,31.545454545454547
8,96,12.0
16,361,22.5625
26,1079,41.5
20,578,28.9
7,64,9.142857142857142
13,149,11.461538461538462
17,231,13.588235294117647
21,728,34.666666666666664
23,1778,77.30434782608695
10,93,9.3
4,23,5.75
24,662,27.583333333333332
18,1198,66.55555555555556
11,81,7.363636363636363
10,92,9.2
18,491,27.27777777777778
24,1564,65.16666666666667
24,926,38.583333333333336
19,1910,100.52631578947368
21,411,19.571428571428573
9,94,10.444444444444445
28,1085,38.75
4,23,5.75
0,6,inf
6,54,9.0
29,1150,39.6551724137931
23,1415,61.52173913043478
16,405,25.3125
19,1908,100.42105263157895
26,2486,95.61538461538461
27,1315,48.7037037037037
7,45,6.428571428571429
17,1789,105.23529411764706
4,19,4.75
22,573,26.045454545454547
24,805,33.541666666666664
8,108,13.5
4,23,5.75
23,1493,64.91304347826087
9,89,9.88888888888889
25,936,37.44
16,343,21.4375
20,528,26.4
12,1901,158.41666666666666
22,724,32.90909090909091
7,58,8.285714285714286
16,297,18.5625
21,488,23.238095238095237
23,859,37.34782608695652
20,1574,78.7
10,69,6.9
4,17,4.25
21,2194,104.47619047619048
8,116,14.5
18,279,15.5
7,103,14.714285714285714
9,44,4.888888888888889
15,406,27.066666666666666
20,1363,68.15
11,236,21.454545454545453
5,39,7.8
8,137,17.125
10,79,7.9
6,63,10.5
25,1314,52.56
6,71,11.833333333333334
7,58,8.285714285714286
21,702,33.42857142857143
7,94,13.428571428571429
7,80,11.428571428571429
5,22,4.4
32,1211,37.84375
22,1461,66.4090909090909
20,1968,98.4
16,1091,68.1875
5,55,11.0
19,1366,71.89473684210526
13,313,24.076923076923077
11,62,5.636363636363637
9,92,10.222222222222221
6,72,12.0
21,655,31.19047619047619
18,704,39.111111111111114
8,54,6.75
16,178,11.125
14,1033,73.78571428571429
5,36,7.2
10,122,12.2
7,122,17.428571428571427
27,1123,41.592592592592595
18,497,27.61111111111111
25,691,27.64
20,1363,68.15
4,12,3.0
25,2440,97.6
7,56,8.0
5,37,7.4
21,968,46.095238095238095
15,270,18.0
12,278,23.166666666666668
22,1250,56.81818181818182
17,938,55.1764705882353
28,1178,42.07142857142857
26,1155,44.42307692307692
20,653,32.65
6,49,8.166666666666666
17,506,29.764705882352942
8,38,4.75
23,1650,71.73913043478261
33,1826,55.333333333333336
4,18,4.5
24,906,37.75
8,46,5.75
25,1477,59.08
23,766,33.30434782608695
7,47,6.714285714285714
14,467,33.357142857142854
21,2116,100.76190476190476
25,1298,51.92
6,22,3.6666666666666665
15,396,26.4
4,20,5.0
13,967,74.38461538461539
19,357,18.789473684210527
16,1401,87.5625
4,15,3.75
20,2087,104.35
26,981,37.73076923076923
6,17,2.8333333333333335
22,523,23.772727272727273
4,23,5.75
17,1192,70.11764705882354
20,1958,97.9
9,133,14.777777777777779
17,777,45.705882352941174
9,73,8.11111111111111
10,121,12.1
15,424,28.266666666666666
13,868,66.76923076923077
15,756,50.4
4,12,3.0
25,937,37.48
17,1862,109.52941176470588
14,367,26.214285714285715
20,443,22.15
13,267,20.53846153846154
6,61,10.166666666666666
21,1323,63.0
6,63,10.5
8,64,8.0
19,562,29.57894736842105
19,312,16.42105263157895
16,1156,72.25
16,1104,69.0
4,16,4.0
19,2008,105.6842105263158
9,44,4.888888888888889
14,1574,112.42857142857143
5,63,12.6
12,426,35.5
6,96,16.0
23,635,27.608695652173914
22,757,34.40909090909091
9,125,13.88888888888889
16,332,20.75
8,135,16.875
14,330,23.571428571428573
20,384,19.2
18,1722,95.66666666666667
7,78,11.142857142857142
4,24,6.0
25,1168,46.72
17,957,56.294117647058826
4,15,3.75
5,57,11.4
24,1956,81.5
21,2013,95.85714285714286
14,326,23.285714285714285
9,77,8.555555555555555
20,1313,65.65
8,30,3.75
14,315,22.5
22,660,30.0
7,74,10.571428571428571
7,46,6.571428571428571
8,86,10.75
25,1103,44.12
11,61,5.545454545454546
9,145,16.11111111111111
31,684,22.06451612903226
16,411,25.6875
4,27,6.75
27,1060,39.25925925925926
24,1459,60.791666666666664
4,18,4.5
26,1833,70.5
12,237,19.75
10,48,4.8
26,515,19.807692307692307
15,1020,68.0
11,1370,124.54545454545455
25,1026,41.04
12,301,25.083333333333332
31,684,22.06451612903226
17,499,29.352941176470587
21,1004,47.80952380952381
12,218,18.166666666666668
22,606,27.545454545454547
6,75,12.5
9,106,11.777777777777779
17,990,58.23529411764706
16,1097,68.5625
4,16,4.0
5,34,6.8
16,1711,106.9375
17,438,25.764705882352942
7,75,10.714285714285714
13,225,17.307692307692307
4,18,4.5
17,470,27.647058823529413
9,91,10.11111111111111
18,2525,140.27777777777777
19,504,26.526315789473685
11,235,21.363636363636363
21,1232,58.666666666666664
12,88,7.333333333333333
4,17,4.25
5,24,4.8
7,60,8.571428571428571
26,1020,39.23076923076923
10,155,15.5
5,51,10.2
16,1812,113.25
25,1461,58.44
6,96,16.0
9,160,17.77777777777778
10,139,13.9
22,908,41.27272727272727
8,183,22.875
19,1161,61.10526315789474
14,988,70.57142857142857
27,1072,39.7037037037037
12,174,14.5
22,758,34.45454545454545
11,195,17.727272727272727
6,31,5.166666666666667
17,1084,63.76470588235294
22,685,31.136363636363637
26,1672,64.3076923076923
6,43,7.166666666666667
5,49,9.8
9,133,14.777777777777779
15,363,24.2
18,545,30.27777777777778
31,1065,34.354838709677416
21,2047,97.47619047619048
15,296,19.733333333333334
11,140,12.727272727272727
17,530,31.176470588235293
13,152,11.692307692307692
24,1598,66.58333333333333
8,114,14.25
10,101,10.1
4,25,6.25
22,789,35.86363636363637
7,87,12.428571428571429
11,90,8.181818181818182
20,1215,60.75
22,811,36.86363636363637
7,61,8.714285714285714
18,405,22.5
9,72,8.0
14,189,13.5
5,40,8.0
10,63,6.3
7,52,7.428571428571429
5,39,7.8
25,805,32.2
8,130,16.25
24,1631,67.95833333333333
5,34,6.8
12,152,12.666666666666666
5,21,4.2
7,71,10.142857142857142
23,899,39.08695652173913
10,711,71.1
16,351,21.9375
15,8,0.5333333333333333
11,119,10.818181818181818
4,21,5.25
4,10,2.5
27,973,36.03703703703704
13,1536,118.15384615384616
28,992,35.42857142857143
34,1529,44.970588235294116
17,860,50.588235294117645
23,928,40.34782608695652
18,418,23.22222222222222
16,587,36.6875
19,641,33.73684210526316
4,23,5.75
23,2279,99.08695652173913
6,49,8.166666666666666
17,1779,104.6470588235294
27,1804,66.81481481481481
8,48,6.0
7,83,11.857142857142858
17,1862,109.52941176470588
29,793,27.344827586206897
9,84,9.333333333333334
10,183,18.3
19,1383,72.78947368421052
16,999,62.4375
24,825,34.375
14,246,17.571428571428573
25,610,24.4
9,76,8.444444444444445
22,1286,58.45454545454545
4,30,7.5
8,99,12.375
22,1192,54.18181818181818
18,362,20.11111111111111
19,2130,112.10526315789474
28,1229,43.892857142857146
6,38,6.333333333333333
17,485,28.529411764705884
13,434,33.38461538461539
5,44,8.8
18,496,27.555555555555557
7,78,11.142857142857142
23,2346,102.0
21,794,37.80952380952381
4,17,4.25
5,26,5.2
8,76,9.5
4,15,3.75
7,62,8.857142857142858
10,198,19.8
5,49,9.8
25,802,32.08
15,1736,115.73333333333333
10,57,5.7
18,2302,127.88888888888889
6,37,6.166666666666667
16,310,19.375
19,1305,68.6842105263158
26,832,32.0
19,401,21.105263157894736
23,1501,65.26086956521739
28,1189,42.464285714285715
32,1194,37.3125
21,656,31.238095238095237
23,1540,66.95652173913044
15,311,20.733333333333334
26,820,31.53846153846154
14,274,19.571428571428573
9,57,6.333333333333333
17,448,26.352941176470587
5,44,8.8
8,102,12.75
5,61,12.2
27,1643,60.851851851851855
15,397,26.466666666666665
26,1121,43.11538461538461
16,473,29.5625
8,50,6.25
28,1678,59.92857142857143
7,58,8.285714285714286
9,170,18.88888888888889
2,373,186.5
17,1196,70.3529411764706
8,101,12.625
17,316,18.58823529411765
21,1400,66.66666666666667
27,1424,52.74074074074074
20,844,42.2
13,311,23.923076923076923
17,1149,67.58823529411765
8,129,16.125
5,32,6.4
14,299,21.357142857142858
13,320,24.615384615384617
16,441,27.5625
28,1178,42.07142857142857
6,85,14.166666666666666
4,24,6.0
8,112,14.0
5,30,6.0
16,410,25.625
24,800,33.333333333333336
20,1313,65.65
23,1483,64.47826086956522
17,1258,74.0
4,28,7.0
11,227,20.636363636363637
20,1555,77.75
23,861,37.43478260869565
8,103,12.875
19,634,33.36842105263158
19,1918,100.94736842105263
10,131,13.1
22,586,26.636363636363637
7,62,8.857142857142858
22,447,20.318181818181817
27,939,34.77777777777778
15,797,53.13333333333333
16,1143,71.4375
17,415,24.41176470588235
5,30,6.0
12,187,15.583333333333334
11,251,22.818181818181817
12,237,19.75
8,91,11.375
6,35,5.833333333333333
22,493,22.40909090909091
28,971,34.67857142857143
17,371,21.823529411764707
20,396,19.8
7,68,9.714285714285714
15,322,21.466666666666665
10,222,22.2
12,177,14.75
6,45,7.5
20,1899,94.95
6,22,3.6666666666666665
5,41,8.2
21,1440,68.57142857142857
17,325,19.11764705882353
10,95,9.5
5,42,8.4
6,72,12.0
7,20,2.857142857142857
23,789,34.30434782608695
4,15,3.75
8,59,7.375
22,908,41.27272727272727
14,417,29.785714285714285
15,289,19.266666666666666
21,769,36.61904761904762
10,188,18.8
14,354,25.285714285714285
26,727,27.96153846153846
11,146,13.272727272727273
16,319,19.9375
22,794,36.09090909090909
18,454,25.22222222222222
11,152,13.818181818181818
22,797,36.22727272727273
16,1690,105.625
4,20,5.0
21,1428,68.0
11,209,19.0
19,545,28.68421052631579
6,96,16.0
10,222,22.2
7,61,8.714285714285714
9,44,4.888888888888889
4,8,2.0
23,817,35.52173913043478
23,1371,59.608695652173914
5,42,8.4
5,60,12.0
9,78,8.666666666666666
4,23,5.75
4,19,4.75
7,61,8.714285714285714
14,449,32.07142857142857
5,37,7.4
5,38,7.6
23,1131,49.17391304347826
7,34,4.857142857142857
17,294,17.294117647058822
6,48,8.0
15,289,19.266666666666666
4,30,7.5
7,125,17.857142857142858
9,156,17.333333333333332
9,70,7.777777777777778
4,22,5.5
9,65,7.222222222222222
23,1930,83.91304347826087
23,2283,99.26086956521739
13,310,23.846153846153847
18,1319,73.27777777777777
26,879,33.80769230769231
17,1244,73.17647058823529
17,690,40.588235294117645
12,209,17.416666666666668
17,1134,66.70588235294117
23,1507,65.52173913043478
6,57,9.5
17,529,31.11764705882353
16,1091,68.1875
11,180,16.363636363636363
10,77,7.7
25,2349,93.96
18,534,29.666666666666668
21,556,26.476190476190474
25,637,25.48
5,46,9.2
9,44,4.888888888888889
5,47,9.4
22,795,36.13636363636363
21,586,27.904761904761905
20,1574,78.7
4,13,3.25
25,1471,58.84
8,65,8.125
12,175,14.583333333333334
5,40,8.0
18,1078,59.888888888888886
21,1115,53.095238095238095
9,134,14.88888888888889
23,1540,66.95652173913044
7,87,12.428571428571429
10,217,21.7
27,1034,38.2962962962963
31,1180,38.064516129032256
23,819,35.608695652173914
5,32,6.4
6,46,7.666666666666667
18,1159,64.38888888888889
25,860,34.4
15,1631,108.73333333333333
22,444,20.181818181818183
29,1910,65.86206896551724
18,380,21.11111111111111
30,736,24.533333333333335
15,269,17.933333333333334
29,2524,87.03448275862068
25,612,24.48
8,75,9.375
26,1045,40.19230769230769
6,55,9.166666666666666
21,1064,50.666666666666664
25,1443,57.72
30,1366,45.53333333333333
19,436,22.94736842105263
5,38,7.6
20,436,21.8
32,747,23.34375
22,1396,63.45454545454545
14,928,66.28571428571429
26,642,24.692307692307693
30,1048,34.93333333333333
24,943,39.291666666666664
27,907,33.592592592592595
18,1198,66.55555555555556
11,120,10.909090909090908
26,1658,63.76923076923077
22,1638,74.45454545454545
7,73,10.428571428571429
12,275,22.916666666666668
26,854,32.84615384615385
7,78,11.142857142857142
7,106,15.142857142857142
7,106,15.142857142857142
19,1923,101.21052631578948
22,1662,75.54545454545455
7,84,12.0
7,48,6.857142857142857
0,5,inf
32,733,22.90625
17,1234,72.58823529411765
9,112,12.444444444444445
15,1658,110.53333333333333
7,55,7.857142857142857
26,1513,58.19230769230769
17,271,15.941176470588236
27,904,33.48148148148148
11,120,10.909090909090908
8,103,12.875
17,269,15.823529411764707
5,22,4.4
16,1156,72.25
19,1086,57.1578947368421
28,1128,40.285714285714285
9,72,8.0
27,964,35.7037037037037
20,1383,69.15
4,18,4.5
24,793,33.041666666666664
7,100,14.285714285714286
6,80,13.333333333333334
8,167,20.875
20,677,33.85
4,23,5.75
7,92,13.142857142857142
16,641,40.0625
17,1106,65.05882352941177
14,1033,73.78571428571429
32,1174,36.6875
6,25,4.166666666666667
17,240,14.117647058823529
4,20,5.0
11,102,9.272727272727273
26,1034,39.76923076923077
9,156,17.333333333333332
21,458,21.80952380952381
4,17,4.25
21,792,37.714285714285715
8,92,11.5
16,407,25.4375
23,1269,55.17391304347826
23,841,36.56521739130435
23,633,27.52173913043478
25,1019,40.76
26,1315,50.57692307692308
8,54,6.75
18,2525,140.27777777777777
5,52,10.4
20,436,21.8
15,268,17.866666666666667
8,147,18.375
18,1798,99.88888888888889
8,137,17.125
17,507,29.823529411764707
4,15,3.75
17,1105,65.0
15,974,64.93333333333334
8,66,8.25
27,778,28.814814814814813
6,49,8.166666666666666
12,169,14.083333333333334
12,299,24.916666666666668
17,221,13.0
25,1682,67.28
10,155,15.5
13,892,68.61538461538461
5,58,11.6
15,311,20.733333333333334
7,95,13.571428571428571
19,424,22.31578947368421
12,47,3.9166666666666665
15,339,22.6
21,1410,67.14285714285714
6,35,5.833333333333333
20,562,28.1
24,2352,98.0
20,1334,66.7
6,32,5.333333333333333
7,41,5.857142857142857
5,39,7.8
25,1141,45.64
24,710,29.583333333333332
19,401,21.105263157894736
17,506,29.764705882352942
21,1538,73.23809523809524
6,57,9.5
19,1722,90.63157894736842
15,270,18.0
6,31,5.166666666666667
24,882,36.75
4,16,4.0
14,311,22.214285714285715
11,227,20.636363636363637
31,1152,37.16129032258065
8,122,15.25
9,77,8.555555555555555
19,1289,67.84210526315789
24,561,23.375
13,211,16.23076923076923
12,233,19.416666666666668
21,1092,52.0
17,601,35.35294117647059
10,54,5.4
7,78,11.142857142857142
26,1095,42.11538461538461
13,244,18.76923076923077
9,116,12.88888888888889
4,15,3.75
16,425,26.5625
26,734,28.23076923076923
19,638,33.578947368421055
22,894,40.63636363636363
7,41,5.857142857142857
5,31,6.2
5,34,6.8
18,1750,97.22222222222223
25,612,24.48
5,29,5.8
21,823,39.19047619047619
4,20,5.0
16,396,24.75
21,813,38.714285714285715
20,1179,58.95
10,138,13.8
9,55,6.111111111111111
22,1511,68.68181818181819
9,117,13.0
6,32,5.333333333333333
6,67,11.166666666666666
15,335,22.333333333333332
22,825,37.5
23,694,30.17391304347826
17,1792,105.41176470588235
24,496,20.666666666666668
13,231,17.76923076923077
24,902,37.583333333333336
9,68,7.555555555555555
6,71,11.833333333333334
6,76,12.666666666666666
22,772,35.09090909090909
9,47,5.222222222222222
25,1586,63.44
34,1529,44.970588235294116
13,265,20.384615384615383
18,1603,89.05555555555556
22,2091,95.04545454545455
21,981,46.714285714285715
34,1533,45.088235294117645
7,82,11.714285714285714
14,244,17.428571428571427
5,36,7.2
16,404,25.25
6,71,11.833333333333334
23,1572,68.34782608695652
11,122,11.090909090909092
10,41,4.1
4,10,2.5
13,304,23.384615384615383
5,37,7.4
16,1754,109.625
25,815,32.6
27,1001,37.074074074074076
22,1157,52.59090909090909
21,688,32.76190476190476
19,1319,69.42105263157895
4,21,5.25
4,31,7.75
6,67,11.166666666666666
21,708,33.714285714285715
4,25,6.25
11,746,67.81818181818181
5,32,6.4
25,1695,67.8
28,1080,38.57142857142857
9,72,8.0
10,57,5.7
25,660,26.4
11,103,9.363636363636363
11,153,13.909090909090908
32,1220,38.125
13,279,21.46153846153846
20,745,37.25
12,264,22.0
22,2157,98.04545454545455
23,1526,66.34782608695652
6,69,11.5
26,1597,61.42307692307692
8,64,8.0
18,497,27.61111111111111
17,1067,62.76470588235294
7,31,4.428571428571429
14,211,15.071428571428571
25,877,35.08
4,11,2.75
25,2034,81.36
19,1991,104.78947368421052
24,1686,70.25
17,324,19.058823529411764
9,69,7.666666666666667
16,252,15.75
5,54,10.8
27,964,35.7037037037037
28,1327,47.392857142857146
7,68,9.714285714285714
5,60,12.0
5,55,11.0
21,1456,69.33333333333333
18,563,31.27777777777778
26,1504,57.84615384615385
19,564,29.68421052631579
23,1125,48.91304347826087
17,358,21.058823529411764
5,42,8.4
10,184,18.4
19,460,24.210526315789473
8,145,18.125
25,1376,55.04
23,792,34.43478260869565
23,1382,60.08695652173913
4,28,7.0
24,1033,43.041666666666664
23,882,38.34782608695652
15,2231,148.73333333333332
19,1101,57.94736842105263
16,369,23.0625
5,48,9.6
19,467,24.57894736842105
8,44,5.5
10,38,3.8
9,81,9.0
10,167,16.7
7,45,6.428571428571429
21,664,31.61904761904762
20,622,31.1
7,48,6.857142857142857
16,461,28.8125
26,1073,41.26923076923077
8,55,6.875
26,976,37.53846153846154
5,20,4.0
17,1149,67.58823529411765
6,43,7.166666666666667
10,224,22.4
9,101,11.222222222222221
10,209,20.9
21,968,46.095238095238095
17,1165,68.52941176470588
5,24,4.8
16,252,15.75
12,165,13.75
13,269,20.692307692307693
7,102,14.571428571428571
19,461,24.263157894736842
7,47,6.714285714285714
10,144,14.4
24,1338,55.75
25,917,36.68
17,318,18.705882352941178
14,253,18.071428571428573
20,502,25.1
7,119,17.0
29,1250,43.10344827586207
24,969,40.375
9,76,8.444444444444445
7,62,8.857142857142858
26,1382,53.15384615384615
7,84,12.0
14,255,18.214285714285715
5,43,8.6
14,398,28.428571428571427
8,76,9.5
15,902,60.13333333333333
21,823,39.19047619047619
26,1179,45.34615384615385
29,1921,66.24137931034483
10,185,18.5
23,433,18.82608695652174
6,34,5.666666666666667
27,907,33.592592592592595
25,416,16.64
10,44,4.4
17,1588,93.41176470588235
17,1797,105.70588235294117
6,40,6.666666666666667
21,1143,54.42857142857143
14,914,65.28571428571429
12,1502,125.16666666666667
20,1338,66.9
5,27,5.4
22,763,34.68181818181818
22,1331,60.5
19,525,27.63157894736842
4,9,2.25
16,953,59.5625
7,68,9.714285714285714
10,131,13.1
23,882,38.34782608695652
25,1149,45.96
5,37,7.4
15,388,25.866666666666667
16,1428,89.25
24,1633,68.04166666666667
10,173,17.3
9,99,11.0
12,215,17.916666666666668
31,929,29.967741935483872
12,219,18.25
12,174,14.5
9,92,10.222222222222221
25,1052,42.08
14,275,19.642857142857142
16,587,36.6875
33,1662,50.36363636363637
11,159,14.454545454545455
18,1024,56.888888888888886
7,35,5.0
15,1042,69.46666666666667
19,395,20.789473684210527
23,557,24.217391304347824
15,9,0.6
6,69,11.5
18,486,27.0
6,34,5.666666666666667
28,1365,48.75
4,13,3.25
21,1401,66.71428571428571
14,1574,112.42857142857143
20,1323,66.15
32,1217,38.03125
7,103,14.714285714285714
7,84,12.0
23,1536,66.78260869565217
18,581,32.27777777777778
14,928,66.28571428571429
4,14,3.5
15,424,28.266666666666666
14,960,68.57142857142857
20,1555,77.75
29,656,22.620689655172413
9,55,6.111111111111111
5,20,4.0
17,367,21.58823529411765
22,2257,102.5909090909091
7,42,6.0
26,1049,40.34615384615385
7,48,6.857142857142857
25,685,27.4
5,39,7.8
5,43,8.6
21,835,39.76190476190476
20,1515,75.75
26,1039,39.96153846153846
26,1596,61.38461538461539
18,1828,101.55555555555556
6,34,5.666666666666667
10,149,14.9
23,946,41.130434782608695
6,28,4.666666666666667
17,450,26.470588235294116
5,46,9.2
16,1702,106.375
25,820,32.8
15,382,25.466666666666665
20,2126,106.3
20,2069,103.45
7,72,10.285714285714286
28,732,26.142857142857142
11,801,72.81818181818181
12,236,19.666666666666668
5,80,16.0
15,1685,112.33333333333333
27,277,10.25925925925926
18,507,28.166666666666668
7,68,9.714285714285714
5,49,9.8
15,397,26.466666666666665
9,39,4.333333333333333
14,306,21.857142857142858
14,976,69.71428571428571
28,1028,36.714285714285715
7,70,10.0
5,46,9.2
5,51,10.2
21,1263,60.142857142857146
22,1490,67.72727272727273
24,1564,65.16666666666667
18,1815,100.83333333333333
31,1198,38.645161290322584
23,416,18.08695652173913
6,85,14.166666666666666
8,47,5.875
8,137,17.125
4,21,5.25
6,70,11.666666666666666
22,909,41.31818181818182
22,1676,76.18181818181819
26,1735,66.73076923076923
30,1191,39.7
5,24,4.8
20,1182,59.1
14,1280,91.42857142857143
19,1336,70.3157894736842
24,749,31.208333333333332
7,91,13.0
15,414,27.6
9,44,4.888888888888889
8,63,7.875
23,901,39.17391304347826
6,38,6.333333333333333
20,455,22.75
24,775,32.291666666666664
4,15,3.75
6,38,6.333333333333333
22,1512,68.72727272727273
5,43,8.6
5,42,8.4
23,1089,47.34782608695652
9,162,18.0
19,1272,66.94736842105263
20,1173,58.65
22,816,37.09090909090909
9,74,8.222222222222221
9,134,14.88888888888889
9,157,17.444444444444443
18,561,31.166666666666668
19,1336,70.3157894736842
23,2092,90.95652173913044
16,463,28.9375
17,1130,66.47058823529412
5,20,4.0
18,377,20.944444444444443
28,1544,55.142857142857146
10,138,13.8
26,1012,38.92307692307692
15,1766,117.73333333333333
9,45,5.0
10,161,16.1
8,144,18.0
26,1734,66.6923076923077
22,823,37.40909090909091
28,1138,40.642857142857146
21,1429,68.04761904761905
21,1371,65.28571428571429
16,982,61.375
5,44,8.8
17,318,18.705882352941178
16,434,27.125
12,198,16.5
25,359,14.36
18,576,32.0
11,88,8.0
6,63,10.5
4,27,6.75
11,193,17.545454545454547
9,101,11.222222222222221
21,2211,105.28571428571429
8,140,17.5
22,415,18.863636363636363
4,22,5.5
16,263,16.4375
12,393,32.75
10,147,14.7
16,443,27.6875
19,1958,103.05263157894737
10,174,17.4
27,2217,82.11111111111111
16,1691,105.6875
6,25,4.166666666666667
21,809,38.523809523809526
16,895,55.9375
18,484,26.88888888888889
18,413,22.944444444444443
12,331,27.583333333333332
5,25,5.0
4,13,3.25
10,115,11.5
4,16,4.0
9,92,10.222222222222221
7,52,7.428571428571429
23,1464,63.65217391304348
17,441,25.941176470588236
12,283,23.583333333333332
23,747,32.47826086956522
17,1870,110.0
11,165,15.0
24,1941,80.875
27,839,31.074074074074073
25,1655,66.2
4,23,5.75
6,66,11.0
8,37,4.625
6,21,3.5
4,22,5.5
9,78,8.666666666666666
6,79,13.166666666666666
17,265,15.588235294117647
19,1175,61.8421052631579
28,1305,46.607142857142854
8,46,5.75
4,25,6.25
5,46,9.2
26,874,33.61538461538461
10,100,10.0
25,930,37.2
23,868,37.73913043478261
9,45,5.0
29,1260,43.44827586206897
12,414,34.5
15,392,26.133333333333333
29,1109,38.241379310344826
22,639,29.045454545454547
6,79,13.166666666666666
24,1665,69.375
18,692,38.44444444444444
29,1392,48.0
7,44,6.285714285714286
6,50,8.333333333333334
21,467,22.238095238095237
12,223,18.583333333333332
9,158,17.555555555555557
28,1211,43.25
14,1575,112.5
22,1208,54.90909090909091
5,43,8.6
21,527,25.095238095238095
15,932,62.13333333333333
8,71,8.875
5,54,10.8
7,129,18.428571428571427
27,1615,59.81481481481482
26,1034,39.76923076923077
25,1088,43.52
10,137,13.7
17,1244,73.17647058823529
7,41,5.857142857142857
32,1174,36.6875
15,993,66.2
7,100,14.285714285714286
17,1680,98.82352941176471
9,98,10.88888888888889
5,48,9.6
19,519,27.31578947368421
20,715,35.75
5,37,7.4
20,653,32.65
21,1455,69.28571428571429
19,602,31.68421052631579
5,26,5.2
7,102,14.571428571428571
9,176,19.555555555555557
17,433,25.470588235294116
30,1366,45.53333333333333
27,1001,37.074074074074076
18,961,53.388888888888886
23,1518,66.0
8,56,7.0
4,22,5.5
21,400,19.047619047619047
4,26,6.5
13,350,26.923076923076923
22,1216,55.27272727272727
26,874,33.61538461538461
5,40,8.0
19,1367,71.94736842105263
15,264,17.6
20,2053,102.65
10,1376,137.6
5,45,9.0
27,976,36.148148148148145
6,51,8.5
20,1264,63.2
7,75,10.714285714285714
7,57,8.142857142857142
8,140,17.5
19,497,26.157894736842106
13,266,20.46153846153846
21,2006,95.52380952380952
23,615,26.73913043478261
24,1021,42.541666666666664
6,22,3.6666666666666665
7,133,19.0
19,437,23.0
26,1013,38.96153846153846
7,57,8.142857142857142
27,1038,38.44444444444444
22,1573,71.5
4,28,7.0
9,123,13.666666666666666
4,13,3.25
10,132,13.2
23,732,31.82608695652174
7,66,9.428571428571429
24,1631,67.95833333333333
18,608,33.77777777777778
18,1822,101.22222222222223
23,1282,55.73913043478261
4,8,2.0
5,43,8.6
20,1931,96.55
8,103,12.875
17,1169,68.76470588235294
15,395,26.333333333333332
15,258,17.2
5,25,5.0
10,185,18.5
11,180,16.363636363636363
5,22,4.4
7,44,6.285714285714286
12,94,7.833333333333333
7,81,11.571428571428571
28,798,28.5
19,1334,70.21052631578948
5,38,7.6
11,61,5.545454545454546
16,300,18.75
8,88,11.0
7,54,7.714285714285714
16,1782,111.375
11,68,6.181818181818182
15,258,17.2
5,31,6.2
8,66,8.25
13,174,13.384615384615385
5,28,5.6
22,731,33.22727272727273
12,274,22.833333333333332
26,1701,65.42307692307692
13,312,24.0
20,414,20.7
23,1565,68.04347826086956
6,29,4.833333333333333
8,94,11.75
20,1338,66.9
14,1092,78.0
18,1479,82.16666666666667
5,54,10.8
18,568,31.555555555555557
27,1199,44.407407407407405
23,873,37.95652173913044
17,1213,71.3529411764706
22,731,33.22727272727273
19,2043,107.52631578947368
17,1893,111.3529411764706
19,424,22.31578947368421
15,575,38.333333333333336
12,257,21.416666666666668
9,56,6.222222222222222
21,542,25.80952380952381
7,125,17.857142857142858
9,69,7.666666666666667
5,40,8.0
28,1016,36.285714285714285
23,907,39.43478260869565
24,1566,65.25
17,1169,68.76470588235294
7,46,6.571428571428571
25,1644,65.76
5,59,11.8
4,17,4.25
25,1853,74.12
22,1528,69.45454545454545
10,35,3.5
8,141,17.625
17,546,32.11764705882353
20,500,25.0
10,61,6.1
8,106,13.25
26,704,27.076923076923077
19,424,22.31578947368421
23,849,36.91304347826087
6,85,14.166666666666666
15,199,13.266666666666667
20,1147,57.35
10,54,5.4
5,43,8.6
6,53,8.833333333333334
22,521,23.681818181818183
18,1623,90.16666666666667
7,45,6.428571428571429
19,1435,75.52631578947368
1,32,32.0
4,16,4.0
7,52,7.428571428571429
17,1234,72.58823529411765
4,15,3.75
17,415,24.41176470588235
18,470,26.11111111111111
21,1438,68.47619047619048
11,53,4.818181818181818
9,51,5.666666666666667
22,679,30.863636363636363
22,586,26.636363636363637
26,653,25.115384615384617
19,468,24.63157894736842
7,50,7.142857142857143
9,84,9.333333333333334
27,1049,38.851851851851855
4,22,5.5
4,30,7.5
18,1341,74.5
22,444,20.181818181818183
19,1241,65.3157894736842
23,843,36.65217391304348
11,172,15.636363636363637
